{"cameraMode":{"drawMode":0,"name":"Shaded","section":"Shading Mode"},"sceneLighting":true,"audioPlay":false,"sceneViewState":{"showFog":true,"showMaterialUpdate":false,"showSkybox":true,"showFlares":true,"showImageEffects":true,"showParticleSystems":true},"in2DMode":false,"pivot":{"x":13.350255966186524,"y":7.110910892486572,"z":3.0669727325439455},"rotation":{"x":-0.13925352692604066,"y":0.03771674260497093,"z":-0.005307736340910196,"w":-0.9895240068435669},"size":27.11193084716797,"orthographic":false}